,month,freq,duration,total_seconds
0,1,daily,6.0 minutes 36.26 seconds,396.26359820365906
1,1,weekly,5.0 minutes 4.04 seconds,304.044420003891
2,1,monthly,4.0 minutes 45.64 seconds,285.6366286277771
3,6,daily,6.0 minutes 59.26 seconds,419.26047706604004
4,6,weekly,5.0 minutes 16.42 seconds,316.41675090789795
5,6,monthly,6.0 minutes 21.65 seconds,381.6468870639801
6,12,daily,9.0 minutes 48.32 seconds,588.319922208786
7,12,weekly,7.0 minutes 27.26 seconds,447.2583124637604
8,12,monthly,6.0 minutes 8.91 seconds,368.91135716438293
